id,type,fpAreas,Longitude,Latitude,geometry,Occupancy,YearBuilt,NFloors
0,Building,654,-65.87644265554334,18.432714376871896,"POLYGON ((-65.8765148 18.4328643, -65.8763117 18.4328222, -65.8763654 18.4325653, -65.8765779 18.4326096, -65.8765148 18.4328643))",Other,1960.0,1.0
1,Building,340,-65.87636839074337,18.433129917304232,"POLYGON ((-65.8765096 18.4332029, -65.876453 18.4331883, -65.8764496 18.4331999, -65.8764003 18.4331872, -65.8763965 18.4332005, -65.8763212 18.4331811, -65.8763265 18.4331627, -65.8762087 18.4331322, -65.8762326 18.433049, -65.8763383 18.4330763, -65.8763418 18.4330642, -65.8764208 18.4330846, -65.8764169 18.4330982, -65.8764688 18.4331116, -65.8765312 18.4331277, -65.8765096 18.4332029))",Other,1960.0,1.0
2,Building,254,-65.87632686920657,18.433593541037563,"POLYGON ((-65.8764149 18.4336746, -65.876431 18.4336078, -65.8763693 18.4335944, -65.8763898 18.4335092, -65.8763081 18.4334916, -65.8762871 18.4335788, -65.876225 18.4335654, -65.8762094 18.4336301, -65.8764149 18.4336746))",Other,1960.0,1.0
3,Building,968,-65.87910143195421,18.434299702174076,"POLYGON ((-65.879339 18.4341912, -65.8792815 18.4342592, -65.879258 18.4342414, -65.8790731 18.4344601, -65.8790427 18.4344369, -65.8790066 18.4344797, -65.8790235 18.4344925, -65.8789708 18.4345548, -65.8789175 18.4345143, -65.8788538 18.4344658, -65.8788823 18.4344322, -65.878908 18.4344517, -65.878973 18.4343748, -65.8789457 18.434354, -65.879134 18.4341313, -65.8791152 18.434117, -65.8791646 18.4340585, -65.879339 18.4341912))",Other,1985.0,1.0
4,Building,615,-65.88003481082438,18.43234953754883,"POLYGON ((-65.8802141 18.4324826, -65.8798083 18.4323275, -65.8798554 18.4322165, -65.8802613 18.4323715, -65.8802141 18.4324826))",Other,1960.0,2.0
5,Building,197,-65.87955587808823,18.43238656028426,"POLYGON ((-65.8796675 18.432381, -65.8795702 18.4323483, -65.8794729 18.4323155, -65.8794443 18.4323921, -65.8796388 18.4324576, -65.8796675 18.432381))",Other,1960.0,1.0
6,Building,94,-65.87989404996185,18.43369594998938,"POLYGON ((-65.8798286 18.4337099, -65.8798577 18.4336424, -65.8799595 18.433682, -65.8799304 18.4337495, -65.8798286 18.4337099))",Other,1960.0,1.0
7,Building,205,-65.87967919984924,18.43211314997648,"POLYGON ((-65.8797539 18.4321869, -65.8795721 18.4321243, -65.8796045 18.4320394, -65.8797863 18.432102, -65.8797539 18.4321869))",Other,1960.0,2.0
8,Building,399,-65.8796173393009,18.433243926528718,"POLYGON ((-65.8797286 18.4333486, -65.8795375 18.4332754, -65.8795289 18.4332957, -65.8794686 18.4332726, -65.8795322 18.4331231, -65.879588 18.4331444, -65.8795783 18.4331673, -65.8797738 18.4332422, -65.8797286 18.4333486))",Other,1960.0,1.0
9,Building,407,-65.87731723809645,18.431645803840382,"POLYGON ((-65.8773121 18.4314571, -65.8774042 18.431476, -65.8773227 18.4318342, -65.8772301 18.4318153, -65.8773121 18.4314571))",Other,1960.0,1.0
10,Building,315,-65.87823500792074,18.43224095910753,"POLYGON ((-65.878336 18.4321401, -65.8783805 18.4322287, -65.8781338 18.4323417, -65.8780894 18.4322535, -65.878336 18.4321401))",,,
11,Building,2551,-65.87770683623265,18.432279407039495,"POLYGON ((-65.877561 18.4318167, -65.8777468 18.4321839, -65.8781047 18.4320196, -65.8781197 18.4320487, -65.8781483 18.4320358, -65.8781788 18.4320962, -65.8778474 18.4322485, -65.8780697 18.4326896, -65.8780081 18.4327181, -65.8779937 18.4326898, -65.8779624 18.432704, -65.8777926 18.4323676, -65.8774268 18.4325318, -65.8773867 18.4325544, -65.8773701 18.4325218, -65.8773415 18.4325352, -65.877311 18.4324743, -65.8774535 18.4324088, -65.8774326 18.432367, -65.8773581 18.4324015, -65.8772462 18.4321799, -65.8773406 18.4321363, -65.877474 18.4324001, -65.8776893 18.4323009, -65.8774799 18.4318859, -65.8775096 18.4318725, -65.8774968 18.431846, -65.877561 18.4318167))",,,
12,Building,131,-65.87909782268807,18.433565482323104,"POLYGON ((-65.8790174 18.4335767, -65.8791429 18.4336279, -65.8791809 18.4335581, -65.8790776 18.4335129, -65.8790527 18.4334997, -65.8790174 18.4335767))",Residential,1960.0,2.0
13,Building,136,-65.87915175619166,18.433489231337866,"POLYGON ((-65.8790776 18.4335129, -65.8791809 18.4335581, -65.8792259 18.4334655, -65.8791226 18.4334204, -65.8790776 18.4335129))",Residential,1960.0,2.0
14,Building,72,-65.87921274996387,18.433398699991503,"POLYGON ((-65.8791538 18.4334102, -65.8792494 18.433444, -65.8792717 18.4333872, -65.8791761 18.4333534, -65.8791538 18.4334102))",Other,1960.0,1.0
15,Building,181,-65.87937395002491,18.433498549997243,"POLYGON ((-65.8794515 18.4334489, -65.8793948 18.433585, -65.8792964 18.4335482, -65.8793531 18.4334121, -65.8794515 18.4334489))",Other,1960.0,2.0
16,Building,64,-65.87929855001322,18.433788649999833,"POLYGON ((-65.8792905 18.4337353, -65.8792513 18.4338186, -65.8793066 18.433842, -65.8793458 18.4337587, -65.8792905 18.4337353))",Other,1960.0,1.0
17,Building,150,-65.87931328466166,18.43298156988807,"POLYGON ((-65.8792472 18.4329184, -65.8794148 18.4329805, -65.8793892 18.4330425, -65.8792737 18.4329997, -65.8792678 18.433014, -65.8792157 18.4329947, -65.8792472 18.4329184))",Other,1960.0,2.0
18,Building,144,-65.87929689991165,18.43307084998257,"POLYGON ((-65.8793834 18.4330592, -65.879353 18.4331344, -65.8792104 18.4330825, -65.8792408 18.4330073, -65.8793834 18.4330592))",Other,1960.0,2.0
19,Building,190,-65.87926384987124,18.433171149974235,"POLYGON ((-65.8793655 18.4331613, -65.8793307 18.4332444, -65.8791622 18.433181, -65.879197 18.4330979, -65.8793655 18.4331613))",Other,1960.0,1.0
20,Building,103,-65.87938870000494,18.433805899997523,"POLYGON ((-65.8793718 18.4337422, -65.8793278 18.4338371, -65.8794056 18.4338696, -65.8794496 18.4337747, -65.8793718 18.4337422))",Other,1960.0,1.0
21,Building,90,-65.87952361617783,18.43385793047718,"POLYGON ((-65.8795121 18.4337938, -65.8794713 18.4339, -65.8795352 18.433922, -65.8795759 18.4338159, -65.8795121 18.4337938))",Other,1960.0,1.0
22,Building,216,-65.87888408017231,18.433493267870563,"POLYGON ((-65.8790027 18.4334859, -65.8789755 18.4335652, -65.8787655 18.4335007, -65.8787927 18.4334213, -65.8790027 18.4334859))",Residential,1960.0,2.0
23,Building,388,-65.87869337958851,18.4331510462377,"POLYGON ((-65.8785606 18.433189, -65.8786006 18.4330532, -65.8788262 18.4331131, -65.8787861 18.4332489, -65.8785606 18.433189))",,,
24,Building,140,-65.87858487000064,18.432910505162415,"POLYGON ((-65.8785108 18.4329393, -65.878627 18.4329751, -65.8786589 18.4328817, -65.8785428 18.4328459, -65.8785108 18.4329393))",,,
25,Building,246,-65.87888109980948,18.432998249978112,"POLYGON ((-65.878795 18.4329198, -65.8787626 18.433012, -65.8789672 18.4330767, -65.8789996 18.4329845, -65.878795 18.4329198))",,,
26,Building,516,-65.87856509654539,18.432506387639453,"POLYGON ((-65.8786921 18.4322299, -65.8786219 18.4322096, -65.8784381 18.432783, -65.8785082 18.4328033, -65.8786921 18.4322299))",,,
27,Building,435,-65.87834750324866,18.43311756252607,"POLYGON ((-65.8783211 18.433321, -65.8782339 18.433292, -65.8783739 18.4329141, -65.8784611 18.4329432, -65.8783211 18.433321))",,,
28,Building,247,-65.87868599969084,18.43282249997256,"POLYGON ((-65.8785745 18.4327458, -65.8785483 18.4328223, -65.8787975 18.4328992, -65.8788237 18.4328227, -65.8785745 18.4327458))",,,
29,Building,34,-65.8790448999933,18.433025199995974,"POLYGON ((-65.8790252 18.432993, -65.879009 18.4330402, -65.8790646 18.4330574, -65.8790808 18.4330102, -65.8790252 18.432993))",Residential,1960.0,2.0
30,Building,274,-65.87925080019795,18.432708250012446,"POLYGON ((-65.8791599 18.4328117, -65.8792563 18.4325737, -65.8793417 18.4326048, -65.8792453 18.4328428, -65.8791599 18.4328117))",Other,1960.0,2.0
31,Building,157,-65.87902427839428,18.433713854202377,"POLYGON ((-65.8791145 18.4337189, -65.8789839 18.4336375, -65.8789333 18.4337094, -65.8790667 18.43379, -65.8791145 18.4337189))",Other,1995.0,1.0
32,Building,124,-65.87906873379974,18.433640950667332,"POLYGON ((-65.8789839 18.4336375, -65.87912 18.4337052, -65.8791536 18.4336444, -65.8790174 18.4335767, -65.8789839 18.4336375))",Other,1960.0,2.0
33,Building,210,-65.87983176877557,18.43395200382244,"POLYGON ((-65.8798783 18.4340342, -65.8799265 18.4339269, -65.8797853 18.4338698, -65.879737 18.4339771, -65.8798783 18.4340342))",Other,1960.0,2.0
34,Building,37,-65.87979543144128,18.433812545694302,"POLYGON ((-65.8797561 18.433824, -65.8797796 18.4337765, -65.8798348 18.4338011, -65.8798112 18.4338486, -65.8797561 18.433824))",Other,1960.0,2.0
35,Building,90,-65.87993724995587,18.433869499986454,"POLYGON ((-65.8798708 18.4338782, -65.8799742 18.4339226, -65.8800037 18.4338608, -65.8799003 18.4338164, -65.8798708 18.4338782))",Other,1985.0,2.0
36,Building,27,-65.87991954998755,18.43378384999499,"POLYGON ((-65.8799411 18.4338124, -65.8798833 18.4337908, -65.879898 18.4337553, -65.8799558 18.4337769, -65.8799411 18.4338124))",Other,1960.0,2.0
37,Building,256,-65.8795876367632,18.432287618696893,"POLYGON ((-65.8797019 18.4322697, -65.8796626 18.4323713, -65.8794734 18.4323056, -65.8795127 18.4322039, -65.8797019 18.4322697))",Other,1960.0,1.0
38,Building,147,-65.87964031830562,18.432195201834077,"POLYGON ((-65.8796998 18.4322586, -65.879729 18.4321842, -65.8795809 18.4321318, -65.8795516 18.4322062, -65.8796998 18.4322586))",Other,1960.0,2.0
39,Building,165,-65.87925068909765,18.430958880760407,"POLYGON ((-65.8793184 18.4310169, -65.8791662 18.4309901, -65.8791839 18.4308994, -65.8793361 18.4309296, -65.8793184 18.4310169))",,,
40,Building,178,-65.87921179263093,18.431066959479658,"POLYGON ((-65.8793078 18.4310438, -65.8792901 18.4311277, -65.87916 18.4310994, -65.8791202 18.4310908, -65.8791273 18.4310069, -65.8793078 18.4310438))",,,
41,Building,98,-65.87929429532593,18.430847501847257,"POLYGON ((-65.8793503 18.4308893, -65.8792299 18.4308759, -65.8792441 18.430802, -65.8793573 18.4308222, -65.8793503 18.4308893))",,,
42,Building,104,-65.87930841740707,18.430732456724446,"POLYGON ((-65.8793786 18.4307114, -65.8793503 18.4307819, -65.8792441 18.4307584, -65.8792618 18.4306812, -65.8793786 18.4307114))",,,
43,Building,140,-65.87933480965066,18.430637821856998,"POLYGON ((-65.8793998 18.4306812, -65.8792618 18.4306812, -65.8792795 18.4305804, -65.879414 18.4306107, -65.8793998 18.4306812))",,,
44,Building,199,-65.87921206564572,18.431174853488706,"POLYGON ((-65.8792689 18.4312486, -65.8791308 18.4312217, -65.87916 18.4310994, -65.8792901 18.4311277, -65.8792689 18.4312486))",,,
45,Building,227,-65.87898436390775,18.43126414447327,"POLYGON ((-65.8790636 18.4313393, -65.8790813 18.4312352, -65.8789114 18.4311882, -65.8788831 18.4312923, -65.8790636 18.4313393))",,,
46,Building,128,-65.87900113004092,18.43111626061842,"POLYGON ((-65.8790565 18.4311714, -65.8790707 18.4310874, -65.8789574 18.4310606, -65.878922 18.4311412, -65.8790565 18.4311714))",,,
47,Building,163,-65.87904586961649,18.43103260441201,"POLYGON ((-65.8791202 18.4310908, -65.8789574 18.4310606, -65.8789857 18.4309699, -65.8791273 18.4310069, -65.8791202 18.4310908))",,,
48,Building,220,-65.87907486431428,18.430933448366808,"POLYGON ((-65.8791839 18.4308994, -65.8791273 18.4310069, -65.8789857 18.4309699, -65.8789928 18.4308658, -65.8791839 18.4308994))",,,
49,Building,110,-65.8790722540511,18.430807571821113,"POLYGON ((-65.8791485 18.4307953, -65.8791344 18.4308558, -65.8789963 18.4308255, -65.8790176 18.430755, -65.8791485 18.4307953))",,,
50,Building,186,-65.8790932267963,18.430716879770063,"POLYGON ((-65.8791662 18.4306744, -65.8791485 18.4307953, -65.8790176 18.430755, -65.8790388 18.4306409, -65.8791662 18.4306744))",,,
51,Building,84,-65.87911069236297,18.430583279570453,"POLYGON ((-65.8791627 18.4305603, -65.8791627 18.4306274, -65.8790636 18.4306107, -65.8790565 18.4305368, -65.8791627 18.4305603))",,,
52,Building,68,-65.8791438395555,18.43048654006431,"POLYGON ((-65.8791839 18.4305234, -65.8790884 18.4305032, -65.8790884 18.4304528, -65.8792087 18.4304696, -65.8791839 18.4305234))",,,
53,Building,115,-65.87935308543328,18.43052788367792,"POLYGON ((-65.8794246 18.4305066, -65.8792901 18.4304763, -65.8792866 18.4305536, -65.879414 18.4305771, -65.8794246 18.4305066))",,,
54,Building,306,-65.87888453085809,18.43154367951323,"POLYGON ((-65.8789757 18.4314255, -65.8789133 18.4314111, -65.8788938 18.4314872, -65.8788286 18.4314722, -65.8787888 18.4316276, -65.8789164 18.431657, -65.8789757 18.4314255))",,,
55,Building,266,-65.87882928599004,18.431747725231492,"POLYGON ((-65.8788632 18.4318492, -65.878748 18.4318251, -65.8787896 18.4316458, -65.8789044 18.4316698, -65.8789006 18.4316861, -65.8789122 18.4316886, -65.8789015 18.4317347, -65.8788895 18.4317322, -65.87888 18.431773, -65.8788914 18.4317754, -65.8788809 18.4318208, -65.8788703 18.4318186, -65.8788632 18.4318492))",,,
56,Building,215,-65.87854475872301,18.431635465281406,"POLYGON ((-65.8786318 18.4315944, -65.8786106 18.4317086, -65.8784584 18.4316784, -65.8784796 18.4315609, -65.8786318 18.4315944))",,,
57,Building,179,-65.87858875151956,18.431504299173167,"POLYGON ((-65.8786778 18.4314736, -65.8786566 18.4315709, -65.8785044 18.4315306, -65.8785079 18.4314434, -65.8786778 18.4314736))",,,
58,Building,197,-65.87860545649458,18.43141155936472,"POLYGON ((-65.8787026 18.4313762, -65.8786778 18.4314736, -65.8785079 18.4314434, -65.8785292 18.4313527, -65.8787026 18.4313762))",,,
59,Building,230,-65.87902184988205,18.43166279999844,"POLYGON ((-65.8791233 18.4316292, -65.8790988 18.4317339, -65.8789204 18.4316964, -65.8789449 18.4315917, -65.8791233 18.4316292))",,,
60,Building,229,-65.87862032939483,18.431308872334206,"POLYGON ((-65.8787132 18.4312688, -65.8787026 18.4313762, -65.8785292 18.4313527, -65.8785398 18.4312385, -65.8786098 18.4312507, -65.8787132 18.4312688))",,,
61,Building,109,-65.87924369857971,18.432304657656417,"POLYGON ((-65.8792159 18.4323496, -65.8792385 18.4323823, -65.8793054 18.4323408, -65.8792371 18.4322238, -65.8791954 18.432249, -65.879206 18.4322653, -65.8791874 18.4322773, -65.8792298 18.432342, -65.8792159 18.4323496))",,,
62,Building,189,-65.8788206181785,18.432165640629627,"POLYGON ((-65.8789065 18.4321244, -65.8788263 18.4322568, -65.8787347 18.4322068, -65.878815 18.4320745, -65.8789065 18.4321244))",,,
63,Building,198,-65.87882221272807,18.430537995985173,"POLYGON ((-65.8789114 18.4305133, -65.8788937 18.4306039, -65.8787415 18.4305804, -65.8787557 18.4304596, -65.8789114 18.4305133))",,,
64,Building,170,-65.87877822326027,18.43065965009538,"POLYGON ((-65.8788654 18.4306375, -65.8788654 18.4307147, -65.8786849 18.4306879, -65.8787097 18.4305972, -65.8788654 18.4306375))",,,
65,Building,179,-65.87870115286599,18.432125382200013,"POLYGON ((-65.8787168 18.4322103, -65.8786173 18.4321586, -65.8786855 18.4320405, -65.878785 18.4320921, -65.8787168 18.4322103))",,,
66,Building,97,-65.87875466037272,18.430895728418548,"POLYGON ((-65.8787977 18.4309444, -65.8786947 18.430924, -65.8787116 18.4308471, -65.8788146 18.4308674, -65.8787977 18.4309444))",,,
67,Building,126,-65.87877262144093,18.43077860543106,"POLYGON ((-65.8788415 18.430747, -65.8788219 18.4308342, -65.8787037 18.4308102, -65.8787234 18.430723, -65.8788415 18.430747))",,,
68,Building,183,-65.87862089654404,18.43049189231749,"POLYGON ((-65.8787026 18.4304596, -65.8786849 18.4305636, -65.8785362 18.43052, -65.8785575 18.4304226, -65.8787026 18.4304596))",,,
69,Building,137,-65.87858718777609,18.430616270981666,"POLYGON ((-65.8786638 18.4305891, -65.878643 18.4306729, -65.8785106 18.4306435, -65.8785314 18.4305596, -65.8786638 18.4305891))",,,
70,Building,135,-65.87855332975174,18.43073732064219,"POLYGON ((-65.878618 18.4307022, -65.878612 18.4307322, -65.8786224 18.4307341, -65.8786106 18.4307928, -65.8784819 18.4307695, -65.8784997 18.4306808, -65.878618 18.4307022))",,,
71,Building,200,-65.8785478216813,18.43085105530849,"POLYGON ((-65.8786349 18.4308111, -65.8786129 18.430919, -65.8784607 18.430891, -65.8784828 18.4307831, -65.8786349 18.4308111))",,,
72,Building,176,-65.87871194991239,18.431099099998598,"POLYGON ((-65.8788 18.4310686, -65.8787791 18.4311612, -65.8786239 18.4311296, -65.8786448 18.431037, -65.8788 18.4310686))",,,
73,Building,80,-65.87849693066035,18.43095588652688,"POLYGON ((-65.8785646 18.4309397, -65.8785539 18.4309934, -65.8784265 18.4309699, -65.8784407 18.4309196, -65.8785646 18.4309397))",,,
74,Building,123,-65.878457705957,18.431144346608296,"POLYGON ((-65.8785185 18.4311076, -65.8785079 18.4311982, -65.8783982 18.4311848, -65.8784088 18.4310874, -65.8785185 18.4311076))",,,
75,Building,99,-65.87867378640868,18.431214934463906,"POLYGON ((-65.8787486 18.4311949, -65.878738 18.4312452, -65.8786098 18.4312507, -65.8786176 18.4311714, -65.8787486 18.4311949))",,,
76,Building,94,-65.87843415855691,18.43125649732125,"POLYGON ((-65.8785009 18.4312385, -65.8784973 18.4312956, -65.8783734 18.4312822, -65.8783734 18.4312117, -65.8785009 18.4312385))",,,
77,Building,138,-65.87840108326661,18.43136718061436,"POLYGON ((-65.8784761 18.4313393, -65.8784761 18.4314165, -65.8783239 18.4313963, -65.878331 18.4313158, -65.8784761 18.4313393))",,,
78,Building,189,-65.87838938884182,18.431456845786805,"POLYGON ((-65.8784761 18.4314165, -65.8784548 18.4315239, -65.8782956 18.431487, -65.8783239 18.4313963, -65.8784761 18.4314165))",,,
79,Building,190,-65.87836272240027,18.431570853370463,"POLYGON ((-65.8784548 18.4315239, -65.878423 18.4316314, -65.8782779 18.4316146, -65.8782885 18.4315172, -65.8784548 18.4315239))",,,
80,Building,133,-65.87937835796554,18.43175165009938,"POLYGON ((-65.8794354 18.4317777, -65.8794277 18.4318096, -65.8794171 18.4318073, -65.8793074 18.4317836, -65.879329 18.4316937, -65.8794493 18.4317197, -65.8794354 18.4317777))",,,
81,Building,186,-65.87942692241862,18.431526169605878,"POLYGON ((-65.8794918 18.4315877, -65.879329 18.4315542, -65.8793609 18.4314635, -65.8795272 18.4315004, -65.8794918 18.4315877))",,,
82,Building,149,-65.8782767852994,18.430589002989745,"POLYGON ((-65.8783451 18.4305469, -65.878331 18.4306509, -65.8782071 18.4306274, -65.8782213 18.4305301, -65.8783451 18.4305469))",,,
83,Building,175,-65.87825890523204,18.430698337642482,"POLYGON ((-65.878331 18.4306509, -65.8783062 18.4307718, -65.8781894 18.430745, -65.8782071 18.4306274, -65.878331 18.4306509))",,,
84,Building,206,-65.87821631487844,18.4308096428873,"POLYGON ((-65.8783062 18.4307718, -65.8782885 18.4308759, -65.8781257 18.430849, -65.8781469 18.4307416, -65.8783062 18.4307718))",,,
85,Building,194,-65.8782029120423,18.430915531421288,"POLYGON ((-65.8782885 18.4308759, -65.8782637 18.4309867, -65.8781292 18.4309565, -65.8781257 18.430849, -65.8782885 18.4308759))",,,
86,Building,136,-65.87818818508278,18.431059535679903,"POLYGON ((-65.8782566 18.431027, -65.878246 18.431121, -65.8781986 18.4311076, -65.8781151 18.4310841, -65.8781292 18.4310035, -65.8782566 18.431027))",,,
87,Building,98,-65.87814072896795,18.431139713487603,"POLYGON ((-65.8781859 18.4311882, -65.8780938 18.4311747, -65.8780832 18.4310942, -65.8781986 18.4311076, -65.8781859 18.4311882))",,,
88,Building,121,-65.87811482596226,18.431265981222815,"POLYGON ((-65.8781929 18.431252, -65.8781859 18.4313158, -65.8780372 18.4312855, -65.8780514 18.4312117, -65.8781929 18.431252))",,,
89,Building,818,-65.87627020393252,18.430435157363387,"POLYGON ((-65.8764756 18.4304987, -65.8765116 18.4303414, -65.8761631 18.4302696, -65.8760867 18.4306036, -65.8762634 18.4306399, -65.8762845 18.4305478, -65.8762017 18.4305308, -65.8762394 18.4303661, -65.8763956 18.4303982, -65.8763772 18.4304785, -65.8764756 18.4304987))",,,
90,Building,149,-65.87609291616438,18.430915329070228,"POLYGON ((-65.8761638 18.4309694, -65.8761806 18.4308923, -65.876022 18.4308613, -65.8760052 18.4309383, -65.8761638 18.4309694))",,,
91,Building,155,-65.87954248574776,18.431815498522653,"POLYGON ((-65.879582 18.4318934, -65.8796045 18.4318224, -65.8795724 18.4318132, -65.8795924 18.4317501, -65.879519 18.4317292, -65.8794765 18.4318634, -65.879582 18.4318934))",Other,1960.0,1.0
92,Building,115,-65.87972614985915,18.431966449963053,"POLYGON ((-65.8797956 18.4320266, -65.8798196 18.4319764, -65.8796567 18.4319063, -65.8796327 18.4319565, -65.8797956 18.4320266))",Other,1960.0,3.0
93,Building,85,-65.87974568688598,18.431895510996707,"POLYGON ((-65.8798246 18.4319498, -65.8798411 18.4319148, -65.8796722 18.4318431, -65.8796453 18.4318737, -65.8798246 18.4319498))",Other,1960.0,1.0
94,Building,99,-65.87984813970195,18.43182971893971,"POLYGON ((-65.8799153 18.4318148, -65.8798868 18.4318839, -65.879781 18.4318447, -65.8798095 18.4317755, -65.8799153 18.4318148))",Other,1960.0,1.0
95,Building,109,-65.87973315000298,18.431792349994293,"POLYGON ((-65.8797935 18.4317569, -65.8797566 18.4318559, -65.8796728 18.4318278, -65.8797097 18.4317288, -65.8797935 18.4317569))",Other,1960.0,1.0
96,Building,44,-65.87965234999989,18.431731649995857,"POLYGON ((-65.8796909 18.4317095, -65.8796692 18.4317713, -65.8796138 18.4317538, -65.8796355 18.431692, -65.8796909 18.4317095))",Other,1960.0,1.0
97,Building,143,-65.87988419705991,18.431666030976594,"POLYGON ((-65.8799743 18.4316591, -65.8798231 18.4316028, -65.8797941 18.4316729, -65.8799452 18.4317293, -65.8799743 18.4316591))",Other,1960.0,2.0
98,Building,146,-65.87962901550684,18.431614929530046,"POLYGON ((-65.8796965 18.4316706, -65.8795424 18.431636, -65.8795615 18.4315593, -65.8797156 18.4315938, -65.8796965 18.4316706))",Other,1960.0,2.0
99,Building,82,-65.879669849932,18.43154299999456,"POLYGON ((-65.8796162 18.4314998, -65.8796002 18.4315525, -65.8797235 18.4315862, -65.8797395 18.4315335, -65.8796162 18.4314998))",Other,1960.0,2.0
100,Building,57,-65.87985919998607,18.431567749994908,"POLYGON ((-65.8798862 18.431609, -65.8798121 18.4315866, -65.8798322 18.4315265, -65.8799063 18.4315489, -65.8798862 18.431609))",Other,1985.0,1.0
101,Building,93,-65.87988601907756,18.431474505019786,"POLYGON ((-65.8799131 18.4315305, -65.8798251 18.431496, -65.879859 18.4314185, -65.8799469 18.431453, -65.8799131 18.4315305))",Other,1960.0,1.0
102,Building,167,-65.87931326432047,18.432031348087925,"POLYGON ((-65.8793683 18.4320981, -65.8793919 18.4320246, -65.879364 18.4320164, -65.879364 18.4319858, -65.8792629 18.4319572, -65.8792413 18.4320715, -65.8793683 18.4320981))",,,
103,Building,143,-65.87943555004752,18.432103150008032,"POLYGON ((-65.8794405 18.4321869, -65.8793657 18.4321546, -65.8794306 18.4320194, -65.8795054 18.4320517, -65.8794405 18.4321869))",Other,1960.0,2.0
104,Building,138,-65.8793163999812,18.432207449995495,"POLYGON ((-65.8793951 18.4322107, -65.8793217 18.4321329, -65.8792377 18.4322042, -65.8793111 18.432282, -65.8793951 18.4322107))",,,
105,Building,176,-65.87861130001042,18.432040950010965,"POLYGON ((-65.8786964 18.4320099, -65.8786056 18.4319547, -65.8785262 18.432072, -65.878617 18.4321272, -65.8786964 18.4320099))",,,
106,Building,184,-65.87901059997387,18.431872199989346,"POLYGON ((-65.8790603 18.4319445, -65.8790871 18.4318255, -65.8789609 18.4317999, -65.8789341 18.4319189, -65.8790603 18.4319445))",,,
107,Building,202,-65.87826929999761,18.431847200003308,"POLYGON ((-65.8783602 18.4318173, -65.8782556 18.4317569, -65.8781784 18.4318771, -65.878283 18.4319375, -65.8783602 18.4318173))",,,
108,Building,99,-65.87850461828889,18.43197123984948,"POLYGON ((-65.8785675 18.431944, -65.8785001 18.4319058, -65.8784417 18.4319984, -65.8785092 18.4320367, -65.8785675 18.431944))",,,
109,Building,132,-65.87848051127825,18.431033379526472,"POLYGON ((-65.8785315 18.4310913, -65.8785555 18.4310082, -65.8784295 18.4309755, -65.8784055 18.4310585, -65.8785315 18.4310913))",,,
110,Building,151,-65.87807639002412,18.431492722609374,"POLYGON ((-65.8781311 18.4315517, -65.8781465 18.4314508, -65.8780217 18.4314337, -65.8780063 18.4315347, -65.8781311 18.4315517))",,,
111,Building,93,-65.87810176018259,18.431377928498485,"POLYGON ((-65.8781432 18.431426, -65.8781603 18.4313502, -65.8780603 18.4313299, -65.8780432 18.4314056, -65.8781432 18.431426))",,,
112,Building,416,-65.87798020048521,18.430909999884044,"POLYGON ((-65.877978 18.4311062, -65.8780724 18.4307344, -65.8779824 18.4307138, -65.877888 18.4310856, -65.877978 18.4311062))",,,
113,Building,453,-65.8777492491474,18.431277600068118,"POLYGON ((-65.8779499 18.4313636, -65.8779694 18.4312758, -65.8775486 18.4311916, -65.8775291 18.4312794, -65.8779499 18.4313636))",,,
114,Building,324,-65.87744365033667,18.431128499879158,"POLYGON ((-65.8774525 18.4312957, -65.8775181 18.4309767, -65.8774348 18.4309613, -65.8773692 18.4312803, -65.8774525 18.4312957))",Other,1960.0,1.0
115,Building,349,-65.87752915225738,18.43079797985265,"POLYGON ((-65.877552 18.4309483, -65.877608 18.4306658, -65.8775063 18.4306477, -65.8774503 18.4309301, -65.877552 18.4309483))",Other,1975.0,2.0
116,Building,863,-65.8780873507119,18.430428599816914,"POLYGON ((-65.8781034 18.4306785, -65.8782204 18.4302124, -65.8780713 18.4301787, -65.8779543 18.4306448, -65.8781034 18.4306785))",,,
117,Building,656,-65.877810906354,18.430502390671126,"POLYGON ((-65.877766 18.4307507, -65.8777985 18.4305826, -65.8778459 18.4305909, -65.877871 18.4304612, -65.8779607 18.4304769, -65.8779818 18.430368, -65.8777637 18.4303301, -65.877685 18.4307366, -65.877766 18.4307507))",Other,1960.0,1.0
118,Building,126,-65.87992735651189,18.430478588074042,"POLYGON ((-65.8799943 18.4305287, -65.8800127 18.4304606, -65.8798572 18.4304297, -65.8798427 18.4304953, -65.8799943 18.4305287))",,,
119,Building,183,-65.87985982058186,18.43078445455629,"POLYGON ((-65.8799193 18.4308525, -65.8799469 18.4307531, -65.8798004 18.4307164, -65.8797727 18.4308158, -65.8799193 18.4308525))",,,
120,Building,145,-65.87989005820766,18.43066607527236,"POLYGON ((-65.8799497 18.4307233, -65.8799698 18.4306387, -65.8798305 18.4306088, -65.8798103 18.4306935, -65.8799497 18.4307233))",,,
121,Building,200,-65.87989947131503,18.430561204083432,"POLYGON ((-65.8799743 18.4306254, -65.8799943 18.4305287, -65.8798247 18.430497, -65.8798046 18.4305937, -65.8799743 18.4306254))",,,
122,Building,126,-65.87963439576512,18.430585175574954,"POLYGON ((-65.879702 18.4306333, -65.8797158 18.4305635, -65.8795667 18.4305371, -65.879553 18.4306068, -65.879702 18.4306333))",,,
123,Building,156,-65.87966704994523,18.430469849997632,"POLYGON ((-65.8797256 18.430529, -65.8797434 18.4304333, -65.8796085 18.4304107, -65.8795907 18.4305064, -65.8797256 18.430529))",,,
124,Building,167,-65.8796174378453,18.430682221470093,"POLYGON ((-65.8796799 18.4307435, -65.8797003 18.4306493, -65.879555 18.4306209, -65.8795346 18.4307152, -65.8796799 18.4307435))",,,
125,Building,140,-65.8795939499379,18.4307943999992,"POLYGON ((-65.8796529 18.4308494, -65.8796701 18.4307638, -65.879535 18.4307394, -65.8795178 18.430825, -65.8796529 18.4308494))",,,
126,Building,151,-65.8795797499338,18.43089719999698,"POLYGON ((-65.8796388 18.4309559, -65.8796593 18.4308674, -65.8795207 18.4308385, -65.8795002 18.430927, -65.8796388 18.4309559))",,,
127,Building,148,-65.87955384992998,18.430999800000773,"POLYGON ((-65.8796164 18.4310552, -65.8796329 18.4309688, -65.8794913 18.4309444, -65.8794748 18.4310308, -65.8796164 18.4310552))",,,
128,Building,198,-65.87983382047332,18.43090240438614,"POLYGON ((-65.8798965 18.4309732, -65.8799254 18.4308709, -65.8797712 18.4308316, -65.8797422 18.4309339, -65.8798965 18.4309732))",,,
129,Building,148,-65.87981859995126,18.43101699999218,"POLYGON ((-65.879868 18.4310802, -65.8798955 18.4309875, -65.8797692 18.4309538, -65.8797417 18.4310465, -65.879868 18.4310802))",Other,1960.0,1.0
130,Building,72,-65.87948991558976,18.43121806390327,"POLYGON ((-65.8795327 18.431255, -65.8795414 18.4311907, -65.8794555 18.4311803, -65.879431 18.4312427, -65.8795327 18.431255))",,,
131,Building,115,-65.87945714996782,18.431310349995638,"POLYGON ((-65.879504 18.4313631, -65.8795208 18.4312771, -65.8794103 18.4312576, -65.8793935 18.4313436, -65.879504 18.4313631))",,,
132,Building,117,-65.87943964994403,18.43141130000012,"POLYGON ((-65.8794954 18.4314605, -65.8795102 18.4313841, -65.8793839 18.4313621, -65.8793691 18.4314385, -65.8794954 18.4314605))",,,
133,Building,206,-65.8796940629334,18.431438233846514,"POLYGON ((-65.8797457 18.4315144, -65.8797793 18.4313969, -65.8796464 18.4313589, -65.8796077 18.4314825, -65.8797457 18.4315144))",Other,1985.0,2.0
134,Building,173,-65.87972929150747,18.43128905900857,"POLYGON ((-65.8797973 18.4313528, -65.879818 18.4312647, -65.8796619 18.4312243, -65.8796413 18.4313149, -65.8797973 18.4313528))",Other,1960.0,1.0
135,Building,126,-65.87917499993753,18.43129419999977,"POLYGON ((-65.8792329 18.4313457, -65.8792491 18.4312672, -65.8791171 18.4312427, -65.8791009 18.4313212, -65.8792329 18.4313457))",,,
136,Building,54,-65.87909134998156,18.431560999996577,"POLYGON ((-65.8791239 18.4315974, -65.8791373 18.4315415, -65.8790588 18.4315246, -65.8790454 18.4315805, -65.8791239 18.4315974))",,,
137,Building,52,-65.87944623975746,18.431823063488068,"POLYGON ((-65.8794648 18.4318662, -65.8794835 18.4317881, -65.8794354 18.4317777, -65.8794277 18.4318096, -65.8794171 18.4318073, -65.879406 18.4318535, -65.8794648 18.4318662))",,,
138,Building,49,-65.87991089997507,18.43135049999492,"POLYGON ((-65.8799434 18.4313862, -65.8799591 18.431339, -65.8798784 18.4313148, -65.8798627 18.431362, -65.8799434 18.4313862))",Other,1985.0,2.0
139,Building,176,-65.87996130122535,18.431228032114365,"POLYGON ((-65.8799686 18.4313277, -65.8800311 18.4311532, -65.879954 18.4311284, -65.8798915 18.4313028, -65.8799686 18.4313277))",Other,1960.0,3.0
140,Building,902,-65.87696736691933,18.430646114687253,"POLYGON ((-65.877061 18.4308774, -65.8771495 18.4305492, -65.8767955 18.4304576, -65.8767606 18.4306484, -65.8768599 18.4306612, -65.8769108 18.4305772, -65.8770288 18.4306179, -65.8769913 18.4307578, -65.8769081 18.4307477, -65.8768947 18.4308444, -65.877061 18.4308774))",Other,1960.0,1.0
141,Building,608,-65.87891783065828,18.43254383782406,"POLYGON ((-65.8791615 18.4326883, -65.8786391 18.4324887, -65.8786662 18.4324249, -65.8787205 18.4324457, -65.8787294 18.4324249, -65.8788878 18.4324854, -65.8789012 18.4324538, -65.878997 18.4324904, -65.8789823 18.4325249, -65.879137 18.432584, -65.8791301 18.4326002, -65.8791893 18.4326228, -65.8791615 18.4326883))",,,
142,Building,26,-65.87977042023074,18.431099372881906,"POLYGON ((-65.8798044 18.4311183, -65.8798123 18.4310908, -65.8797384 18.4310783, -65.8797305 18.4311108, -65.8798044 18.4311183))",,,
143,Building,247,-65.87954418916642,18.43111276933708,"POLYGON ((-65.879625 18.4311859, -65.8796514 18.4310883, -65.8794748 18.4310308, -65.8794377 18.4311483, -65.879625 18.4311859))",,,
144,Building,260,-65.87950959614763,18.432541213376293,"POLYGON ((-65.8795775 18.4326199, -65.879625 18.4325173, -65.8794403 18.4324572, -65.8794008 18.4325748, -65.8795775 18.4326199))",Other,1960.0,1.0
145,Building,138,-65.87947492650049,18.432640680135417,"POLYGON ((-65.8793797 18.4326374, -65.8794008 18.4325748, -65.8795722 18.4326474, -65.8795511 18.432705, -65.8793797 18.4326374))",Other,1960.0,1.0
146,Building,117,-65.87897559999585,18.432269899993276,"POLYGON ((-65.8790386 18.4322353, -65.8790034 18.4323337, -65.8789126 18.4323045, -65.8789478 18.4322061, -65.8790386 18.4322353))",,,
147,Building,55,-65.87889156883887,18.432385453152843,"POLYGON ((-65.8789417 18.4323745, -65.8789199 18.4324262, -65.8788414 18.4323964, -65.8788633 18.4323447, -65.8789417 18.4323745))",,,
148,Building,143,-65.87875831882053,18.43235495293998,"POLYGON ((-65.8788402 18.4323382, -65.878807 18.4324197, -65.8786764 18.4323717, -65.8787097 18.4322902, -65.8788402 18.4323382))",,,
149,Building,172,-65.87914480906989,18.4323798337676,"POLYGON ((-65.8791437 18.4324746, -65.8791898 18.4324431, -65.8791736 18.4324217, -65.8792246 18.4323869, -65.8791531 18.4322926, -65.8790631 18.432354, -65.8791115 18.4324178, -65.8791043 18.4324227, -65.8791437 18.4324746))",,,
150,Building,1132,-65.87810610489005,18.4328890466105,"POLYGON ((-65.8783114 18.4329782, -65.8780535 18.4331002, -65.8778997 18.4327995, -65.8781609 18.4326788, -65.8783114 18.4329782))",,,
151,Building,184,-65.87873334121156,18.431004574305437,"POLYGON ((-65.8786448 18.431037, -65.8786666 18.4309406, -65.8788219 18.4309721, -65.8788 18.4310686, -65.8786448 18.431037))",,,
152,Building,1136,-65.87720165182333,18.433944172431026,"POLYGON ((-65.8775594 18.4340207, -65.8775184 18.4338992, -65.8772716 18.4339844, -65.8771214 18.4339195, -65.8770229 18.4336764, -65.8769109 18.4337172, -65.8770179 18.4340027, -65.8772718 18.4341154, -65.8775594 18.4340207))",,,
